<?xml version="1.0"?>
<rounds>
	<round>
		<id>1</id>
		<battle_id>1</battle_id>
		<opponent_id>9</opponent_id>
		<opponent_weapon_id>9</opponent_weapon_id>
		<injuries_caused>60</injuries_caused>
		<injuries_suffered>59</injuries_suffered>
		<battle_points>41</battle_points>
	</round>
	<round>
		<id>1</id>
		<battle_id>2</battle_id>
		<opponent_id>9</opponent_id>
		<opponent_weapon_id>9</opponent_weapon_id>
		<injuries_caused>59</injuries_caused>
		<injuries_suffered>50</injuries_suffered>
		<battle_points>0</battle_points>
	</round>
	<round>
		<id>1</id>
		<battle_id>3</battle_id>
		<opponent_id>9</opponent_id>
		<opponent_weapon_id>9</opponent_weapon_id>
		<injuries_caused>59</injuries_caused>
		<injuries_suffered>40</injuries_suffered>
		<battle_points>0</battle_points>
	</round>
	<round>
		<id>2</id>
		<battle_id>1</battle_id>
		<opponent_id>8</opponent_id>
		<opponent_weapon_id>2</opponent_weapon_id>
		<injuries_caused>60</injuries_caused>
		<injuries_suffered>59</injuries_suffered>
		<battle_points>35</battle_points>
	</round>
	<round>
		<id>3</id>
		<battle_id>1</battle_id>
		<opponent_id>1</opponent_id>
		<opponent_weapon_id>2</opponent_weapon_id>
		<injuries_caused>50</injuries_caused>
		<injuries_suffered>59</injuries_suffered>
		<battle_points>31</battle_points>
	</round>
</rounds>